URL_Checked,Type,HTTP_Status,Source_Page,CheckedAt
https://tll-next.vercel.app/,InternalLink,200,,2025-11-30T20:02:31.433395+03:30
https://tll-next.vercel.app/assets/logo/Logo-White.svg,Image,200,https://tll-next.vercel.app/,2025-11-30T20:02:32.456858+03:30
https://tll-next.vercel.app/testimonials,InternalLink,200,https://tll-next.vercel.app/,2025-11-30T20:02:33.380414+03:30
https://tll-next.vercel.app/faq,InternalLink,200,https://tll-next.vercel.app/,2025-11-30T20:02:34.402911+03:30
https://tll-next.vercel.app/resources?category=resources,InternalLink,200,https://tll-next.vercel.app/,2025-11-30T20:02:35.558637+03:30
tel:(714) 877 5840,ExternalLink,0,https://tll-next.vercel.app/,2025-11-30T20:02:36.159208+03:30
https://tll-next.vercel.app/_next/image?url=%2Fassets%2Fhero%2Fbg.png&w=3840&q=75,Image,200,https://tll-next.vercel.app/,2025-11-30T20:02:38.088817+03:30
https://www.google.com/search?q=Law+Office+of+Tuan+Le+reviews,ExternalLink,200,https://tll-next.vercel.app/,2025-11-30T20:02:40.670793+03:30
https://tll-next.vercel.app/resources/how-to-prepare-strong-immigration-application-tips,InternalLink,200,https://tll-next.vercel.app/,2025-11-30T20:02:40.882809+03:30
https://tll-next.vercel.app/_next/image?url=%2Fassets%2Fcertifications%2Fcertification-image.png&w=828&q=75,Image,200,https://tll-next.vercel.app/,2025-11-30T20:02:41.924487+03:30
https://tll-next.vercel.app/assets/certifications/logo-1.svg,Image,200,https://tll-next.vercel.app/,2025-11-30T20:02:44.029261+03:30
https://tll-next.vercel.app/assets/certifications/logo-2.svg,Image,200,https://tll-next.vercel.app/,2025-11-30T20:02:45.215994+03:30
https://tll-next.vercel.app/assets/certifications/logo-3.svg,Image,200,https://tll-next.vercel.app/,2025-11-30T20:02:46.283356+03:30
https://tll-next.vercel.app/_next/image?url=%2Fassets%2Fabout%2Fabout_img_consult.png&w=750&q=75,Image,200,https://tll-next.vercel.app/,2025-11-30T20:02:47.305836+03:30
https://tll-next.vercel.app/_next/image?url=%2Fassets%2Fabout%2Fabout_img_Tuan.png&w=750&q=75,Image,200,https://tll-next.vercel.app/,2025-11-30T20:02:48.636416+03:30
https://tll-next.vercel.app/resources,InternalLink,200,https://tll-next.vercel.app/,2025-11-30T20:02:49.967666+03:30
https://tll-next.vercel.app/_next/image?url=https%3A%2F%2Ftuanlelaw.s3.us-east-1.amazonaws.com%2Ffiles%2Fshares%2FBlogImage%2Fasylum-seekers-1200x775.webp&w=3840&q=75,Image,200,https://tll-next.vercel.app/,2025-11-30T20:02:51.0549+03:30
https://tll-next.vercel.app/asylum-humanitarian-relief/asylum/asylum-seekers-rights-and-challenges,InternalLink,200,https://tll-next.vercel.app/,2025-11-30T20:02:51.992809+03:30
https://tll-next.vercel.app/_next/image?url=https%3A%2F%2Ftuanlelaw.s3.us-east-1.amazonaws.com%2Ffiles%2Fshares%2FBlogImage%2FImmigration-Orange.webp&w=3840&q=75,Image,200,https://tll-next.vercel.app/,2025-11-30T20:02:53.142393+03:30
https://tll-next.vercel.app/deportation-defense/removal-proceedings,InternalLink,200,https://tll-next.vercel.app/,2025-11-30T20:02:54.473905+03:30
https://tll-next.vercel.app/_next/image?url=https%3A%2F%2Ftuanlelaw.s3.us-east-1.amazonaws.com%2Ffiles%2Fshares%2Fnews%2F3879511-1200x800.webp&w=3840&q=75,Image,200,https://tll-next.vercel.app/,2025-11-30T20:02:55.48574+03:30
https://tll-next.vercel.app/resources/a-path-to-legalization-for-undocumented-immigrants,InternalLink,200,https://tll-next.vercel.app/,2025-11-30T20:02:56.488844+03:30
https://tll-next.vercel.app/_next/image?url=https%3A%2F%2Ftuanlelaw.s3.us-east-1.amazonaws.com%2Ffiles%2Fshares%2FBlogImage%2Fnew%2Fcommon-immigration-questions.webp&w=3840&q=75,Image,200,https://tll-next.vercel.app/,2025-11-30T20:02:57.508401+03:30
https://tll-next.vercel.app/resources/common-immigration-questions-answered-immigration-lawyer,InternalLink,200,https://tll-next.vercel.app/,2025-11-30T20:02:58.743667+03:30
https://tll-next.vercel.app/_next/image?url=https%3A%2F%2Ftuanlelaw.s3.us-east-1.amazonaws.com%2Ffiles%2Fshares%2Fnews%2Fcovid-cases-increased-in-immigrants.webp&w=3840&q=75,Image,200,https://tll-next.vercel.app/,2025-11-30T20:03:00.003325+03:30
https://tll-next.vercel.app/resources/coronavirus-cases-increased-among-detained-immigrants,InternalLink,200,https://tll-next.vercel.app/,2025-11-30T20:03:01.342471+03:30
https://tll-next.vercel.app/_next/image?url=https%3A%2F%2Ftuanlelaw.s3.us-east-1.amazonaws.com%2Ffiles%2Fshares%2Fnews%2Fcourt-date-1200x800.webp&w=3840&q=75,Image,200,https://tll-next.vercel.app/,2025-11-30T20:03:02.448331+03:30
https://tll-next.vercel.app/resources/dhs-stops-releasing-migrants-without-court-date,InternalLink,200,https://tll-next.vercel.app/,2025-11-30T20:03:03.403275+03:30
https://tll-next.vercel.app/_next/image?url=https%3A%2F%2Ftuanlelaw.s3.us-east-1.amazonaws.com%2Ffiles%2Fshares%2FBlogImage%2FSpeed-Up-Your-Immigration-Case-with-USCIS.webp&w=3840&q=75,Image,200,https://tll-next.vercel.app/,2025-11-30T20:03:04.484689+03:30
https://tll-next.vercel.app/resources/expedite-uscis-case,InternalLink,200,https://tll-next.vercel.app/,2025-11-30T20:03:05.737189+03:30
https://tll-next.vercel.app/_next/image?url=https%3A%2F%2Ftuanlelaw.s3.us-east-1.amazonaws.com%2Ffiles%2Fshares%2Fnews%2FImmigration-Reform-1200x744.webp&w=3840&q=75,Image,200,https://tll-next.vercel.app/,2025-11-30T20:03:07.096571+03:30
https://tll-next.vercel.app/resources/immigration-reform-in-social-spending-bill,InternalLink,200,https://tll-next.vercel.app/,2025-11-30T20:03:08.297719+03:30
https://tll-next.vercel.app/_next/image?url=https%3A%2F%2Ftuanlelaw.s3.us-east-1.amazonaws.com%2Ffiles%2Fshares%2Fnews%2Finsurance-company-fined-for-immigration-discrimination.webp&w=3840&q=75,Image,200,https://tll-next.vercel.app/,2025-11-30T20:03:09.398972+03:30
https://tll-next.vercel.app/resources/insurance-company-fined-for-immigration-related-discrimination,InternalLink,200,https://tll-next.vercel.app/,2025-11-30T20:03:10.640573+03:30
https://tll-next.vercel.app/_next/image?url=https%3A%2F%2Ftuanlelaw.s3.us-east-1.amazonaws.com%2Ffiles%2Fshares%2Fnews%2Fpexels-photo-6077326.webp&w=3840&q=75,Image,200,https://tll-next.vercel.app/,2025-11-30T20:03:11.736+03:30
https://tll-next.vercel.app/resources/new-immigration-guidelines,InternalLink,200,https://tll-next.vercel.app/,2025-11-30T20:03:12.618089+03:30
https://tll-next.vercel.app/assets/logo/blue-logo+text.svg,Image,200,https://tll-next.vercel.app/,2025-11-30T20:03:13.622293+03:30
https://tll-next.vercel.app/asylum-humanitarian-relief,InternalLink,200,https://tll-next.vercel.app/,2025-11-30T20:03:14.54926+03:30
https://tll-next.vercel.app/us-immigrant-visas/family-based-immigration,InternalLink,200,https://tll-next.vercel.app/,2025-11-30T20:03:15.472355+03:30
https://tll-next.vercel.app/us-immigrant-visas/employment-based-immigration/eb-2,InternalLink,200,https://tll-next.vercel.app/,2025-11-30T20:03:16.653926+03:30
https://www.toporganicleads.com/,ExternalLink,429,https://tll-next.vercel.app/,2025-11-30T20:03:19.521759+03:30
https://share.google/3qQwP8cokYAANrwlG,ExternalLink,200,https://tll-next.vercel.app/testimonials,2025-11-30T20:03:21.59184+03:30
https://tll-next.vercel.app/_next/image?url=%2Fassets%2Ftestimonials%2Fannie-luong.png&w=3840&q=75,Image,200,https://tll-next.vercel.app/testimonials,2025-11-30T20:03:22.082746+03:30
https://share.google/yqCne6i7jKH0T5vlm,ExternalLink,200,https://tll-next.vercel.app/testimonials,2025-11-30T20:03:24.375921+03:30
https://share.google/Fd9G4rkaNbGkUWLHY,ExternalLink,200,https://tll-next.vercel.app/testimonials,2025-11-30T20:03:25.782276+03:30
https://tll-next.vercel.app/_next/image?url=%2Fassets%2Ftestimonials%2Fchi-lang-nguyen.png&w=3840&q=75,Image,200,https://tll-next.vercel.app/testimonials,2025-11-30T20:03:26.126783+03:30
https://share.google/MjJzK8lnVxzkshAug,ExternalLink,200,https://tll-next.vercel.app/testimonials,2025-11-30T20:03:28.109007+03:30
https://tll-next.vercel.app/_next/image?url=%2Fassets%2Ftestimonials%2Fthien-nguyen.png&w=3840&q=75,Image,200,https://tll-next.vercel.app/testimonials,2025-11-30T20:03:28.465943+03:30
https://share.google/JkXTQo0dEP5TtE6r2,ExternalLink,200,https://tll-next.vercel.app/testimonials,2025-11-30T20:03:30.723487+03:30
https://share.google/wGknI0molAYnDFOrq,ExternalLink,200,https://tll-next.vercel.app/testimonials,2025-11-30T20:03:32.259361+03:30
https://tll-next.vercel.app/_next/image?url=%2Fassets%2Ftestimonials%2Fjvu.png&w=3840&q=75,Image,200,https://tll-next.vercel.app/testimonials,2025-11-30T20:03:32.655598+03:30
https://share.google/mBYV29PTNIFgv8wvD,ExternalLink,200,https://tll-next.vercel.app/testimonials,2025-11-30T20:03:35.023472+03:30
https://share.google/R1RIOxprRKRI7BYoo,ExternalLink,200,https://tll-next.vercel.app/testimonials,2025-11-30T20:03:36.662665+03:30
https://share.google/JqnKiijeqCndqMFGW,ExternalLink,200,https://tll-next.vercel.app/testimonials,2025-11-30T20:03:38.066612+03:30
https://share.google/x3ajUafTA0BaG5NE5,ExternalLink,200,https://tll-next.vercel.app/testimonials,2025-11-30T20:03:39.53002+03:30
https://share.google/1JxXjTBllQB5gkESe,ExternalLink,200,https://tll-next.vercel.app/testimonials,2025-11-30T20:03:41.066517+03:30
https://share.google/hIciPe9m62KPiIBQN,ExternalLink,200,https://tll-next.vercel.app/testimonials,2025-11-30T20:03:42.350722+03:30
https://share.google/z16hFzr2FeBkG3a7J,ExternalLink,200,https://tll-next.vercel.app/testimonials,2025-11-30T20:03:43.830512+03:30
https://tll-next.vercel.app/_next/image?url=%2Fassets%2Ftestimonials%2Fjudy-quach.png&w=3840&q=75,Image,200,https://tll-next.vercel.app/testimonials,2025-11-30T20:03:44.246695+03:30
https://share.google/2ofwuAmFHTuaLmTDO,ExternalLink,200,https://tll-next.vercel.app/testimonials,2025-11-30T20:03:46.390627+03:30
https://share.google/lWeOV0ZzyjDCxvTDL,ExternalLink,200,https://tll-next.vercel.app/testimonials,2025-11-30T20:03:47.817861+03:30
https://tll-next.vercel.app/_next/image?url=%2Fassets%2Ftestimonials%2Fngan-vo.png&w=3840&q=75,Image,200,https://tll-next.vercel.app/testimonials,2025-11-30T20:03:48.336598+03:30
https://share.google/lZxHLvThj48Y8s2pB,ExternalLink,200,https://tll-next.vercel.app/testimonials,2025-11-30T20:03:50.252572+03:30
https://share.google/KwrR0CRtHles1uN0N,ExternalLink,200,https://tll-next.vercel.app/testimonials,2025-11-30T20:03:51.715331+03:30
https://tll-next.vercel.app/_next/image?url=%2Fassets%2Ftestimonials%2Fan-ha.png&w=3840&q=75,Image,200,https://tll-next.vercel.app/testimonials,2025-11-30T20:03:52.227464+03:30
https://share.google/KSCcEL9DDGssGGRFL,ExternalLink,200,https://tll-next.vercel.app/testimonials,2025-11-30T20:03:54.377913+03:30
https://share.google/0QkRCnrFkKmoUZjsY,ExternalLink,200,https://tll-next.vercel.app/testimonials,2025-11-30T20:03:55.660662+03:30
https://share.google/Pjy0sR266yrzi9mHK,ExternalLink,200,https://tll-next.vercel.app/testimonials,2025-11-30T20:03:57.018926+03:30
https://share.google/U5ZLD7B8ijzDvmJYP,ExternalLink,200,https://tll-next.vercel.app/testimonials,2025-11-30T20:03:58.473816+03:30
https://share.google/yaroookk4vivD5rih,ExternalLink,200,https://tll-next.vercel.app/testimonials,2025-11-30T20:04:00.009553+03:30
https://share.google/GR1zuxvWRuvTjPKVH,ExternalLink,200,https://tll-next.vercel.app/testimonials,2025-11-30T20:04:01.435614+03:30
https://share.google/5iZHyLO1QO1484ReN,ExternalLink,200,https://tll-next.vercel.app/testimonials,2025-11-30T20:04:02.779293+03:30
https://tll-next.vercel.app/_next/image?url=%2Fassets%2Ftestimonials%2Fvi-le.png&w=3840&q=75,Image,200,https://tll-next.vercel.app/testimonials,2025-11-30T20:04:03.159298+03:30
https://share.google/TeGyDTYoA9zTUFP06,ExternalLink,200,https://tll-next.vercel.app/testimonials,2025-11-30T20:04:05.643067+03:30
https://share.google/DTzDC3UMweHym2ana,ExternalLink,200,https://tll-next.vercel.app/testimonials,2025-11-30T20:04:07.438417+03:30
https://share.google/TpUi3J3EbDAzUqOB6,ExternalLink,200,https://tll-next.vercel.app/testimonials,2025-11-30T20:04:08.728563+03:30
https://tll-next.vercel.app/_next/image?url=%2Fassets%2Ftestimonials%2Ftony-dinh.png&w=3840&q=75,Image,200,https://tll-next.vercel.app/testimonials,2025-11-30T20:04:09.151306+03:30
https://share.google/e17o6sIqsnCv0MgvW,ExternalLink,200,https://tll-next.vercel.app/testimonials,2025-11-30T20:04:11.376635+03:30
https://share.google/8BjJL8IYZVV6DCyir,ExternalLink,200,https://tll-next.vercel.app/testimonials,2025-11-30T20:04:12.676709+03:30
https://tll-next.vercel.app/_next/image?url=%2Fassets%2Ftestimonials%2Fthuyvi-hinh.png&w=3840&q=75,Image,200,https://tll-next.vercel.app/testimonials,2025-11-30T20:04:13.219114+03:30
https://share.google/ZXNfHhmbK1lZfYtZP,ExternalLink,200,https://tll-next.vercel.app/testimonials,2025-11-30T20:04:15.369896+03:30
https://share.google/3KG8o5syIsWvcc0Vv,ExternalLink,200,https://tll-next.vercel.app/testimonials,2025-11-30T20:04:16.750339+03:30
https://share.google/eSstQ3FWUmW4ooS62,ExternalLink,200,https://tll-next.vercel.app/testimonials,2025-11-30T20:04:18.134853+03:30
https://tll-next.vercel.app/_next/image?url=%2Fassets%2Ftestimonials%2Fquan-tran.png&w=3840&q=75,Image,200,https://tll-next.vercel.app/testimonials,2025-11-30T20:04:18.380354+03:30
https://share.google/b7WIHAho7SIq8SwGa,ExternalLink,200,https://tll-next.vercel.app/testimonials,2025-11-30T20:04:20.484101+03:30
https://share.google/YVl0hxuZ4p81LoOQ3,ExternalLink,200,https://tll-next.vercel.app/testimonials,2025-11-30T20:04:21.952871+03:30
https://share.google/JtYH5bzZaUAfTf5Qw,ExternalLink,200,https://tll-next.vercel.app/testimonials,2025-11-30T20:04:23.419398+03:30
https://share.google/65L8hdPU8O9y8lTmy,ExternalLink,200,https://tll-next.vercel.app/testimonials,2025-11-30T20:04:24.764317+03:30
https://share.google/iEHGZwEGajETteC4c,ExternalLink,200,https://tll-next.vercel.app/testimonials,2025-11-30T20:04:26.277149+03:30
https://tll-next.vercel.app/_next/image?url=%2Fassets%2Ftestimonials%2Fquynh-pham.png&w=3840&q=75,Image,200,https://tll-next.vercel.app/testimonials,2025-11-30T20:04:26.767466+03:30
https://share.google/Kvao9as0ed6mHwHAs,ExternalLink,200,https://tll-next.vercel.app/testimonials,2025-11-30T20:04:28.812277+03:30
https://share.google/MnDj7HaphE3i47Qfb,ExternalLink,200,https://tll-next.vercel.app/testimonials,2025-11-30T20:04:30.140819+03:30
https://tll-next.vercel.app/_next/image?url=%2Fassets%2Ftestimonials%2Fsadegh-nedamati.png&w=3840&q=75,Image,200,https://tll-next.vercel.app/testimonials,2025-11-30T20:04:30.471975+03:30
https://share.google/YVi9udaY7InrAOc9x,ExternalLink,200,https://tll-next.vercel.app/testimonials,2025-11-30T20:04:32.480915+03:30
https://share.google/LCAFx2os34alGPnYc,ExternalLink,200,https://tll-next.vercel.app/testimonials,2025-11-30T20:04:34.007832+03:30
https://share.google/f9GtvgyZXQXQn0riH,ExternalLink,200,https://tll-next.vercel.app/testimonials,2025-11-30T20:04:35.543211+03:30
https://tll-next.vercel.app/_next/image?url=%2Fassets%2Ftestimonials%2Fk-r.png&w=3840&q=75,Image,200,https://tll-next.vercel.app/testimonials,2025-11-30T20:04:35.904444+03:30
https://share.google/ixTgVomoi7PPJjmaS,ExternalLink,200,https://tll-next.vercel.app/testimonials,2025-11-30T20:04:38.015624+03:30
https://tll-next.vercel.app/_next/image?url=%2Fassets%2Ftestimonials%2Ftrung-vu.png&w=3840&q=75,Image,200,https://tll-next.vercel.app/testimonials,2025-11-30T20:04:38.361568+03:30
https://share.google/axlEncrhWI2J4BKng,ExternalLink,200,https://tll-next.vercel.app/testimonials,2025-11-30T20:04:40.560544+03:30
https://tll-next.vercel.app/_next/image?url=%2Fassets%2Ftestimonials%2Fericson-araullo-(eson).png&w=3840&q=75,Image,200,https://tll-next.vercel.app/testimonials,2025-11-30T20:04:40.981425+03:30
https://share.google/Ml3CyjegB8XQDMWem,ExternalLink,200,https://tll-next.vercel.app/testimonials,2025-11-30T20:04:43.237026+03:30
https://share.google/ka4gNOwt74fkIav9U,ExternalLink,200,https://tll-next.vercel.app/testimonials,2025-11-30T20:04:44.656578+03:30
https://tll-next.vercel.app/_next/image?url=%2Fassets%2Ftestimonials%2Fmanpreet-singh.png&w=3840&q=75,Image,200,https://tll-next.vercel.app/testimonials,2025-11-30T20:04:45.017351+03:30
https://share.google/bPCTOQcAG5AiH98io,ExternalLink,200,https://tll-next.vercel.app/testimonials,2025-11-30T20:04:47.368636+03:30
https://share.google/DJWDlennSJcZGI1ZP,ExternalLink,200,https://tll-next.vercel.app/testimonials,2025-11-30T20:04:48.847964+03:30
https://share.google/w5DmHFFQo8L0pRZ6W,ExternalLink,200,https://tll-next.vercel.app/testimonials,2025-11-30T20:04:50.406956+03:30
https://tll-next.vercel.app/_next/image?url=%2Fassets%2Ftestimonials%2Faaron-siegal-eisman.png&w=3840&q=75,Image,200,https://tll-next.vercel.app/testimonials,2025-11-30T20:04:50.82618+03:30
https://share.google/tLQ1e4GehQLBFI1s1,ExternalLink,200,https://tll-next.vercel.app/testimonials,2025-11-30T20:04:53.330396+03:30
https://share.google/WUWtrETiFxJ1h8mIJ,ExternalLink,200,https://tll-next.vercel.app/testimonials,2025-11-30T20:04:54.684961+03:30
https://share.google/nr4LeH6tYIpI9F7ST,ExternalLink,200,https://tll-next.vercel.app/testimonials,2025-11-30T20:04:56.62389+03:30
https://share.google/JGcf0T8Xiy3S0XOWu,ExternalLink,200,https://tll-next.vercel.app/testimonials,2025-11-30T20:04:57.912088+03:30
https://tll-next.vercel.app/_next/image?url=%2Fassets%2Ftestimonials%2Fcindy-dang.png&w=3840&q=75,Image,200,https://tll-next.vercel.app/testimonials,2025-11-30T20:04:58.259586+03:30
https://share.google/iY4u4t7dNhKHDKKu6,ExternalLink,200,https://tll-next.vercel.app/testimonials,2025-11-30T20:05:00.321514+03:30
https://tll-next.vercel.app/_next/image?url=%2Fassets%2Ftestimonials%2Fdanny-dinh.png&w=3840&q=75,Image,200,https://tll-next.vercel.app/testimonials,2025-11-30T20:05:00.700177+03:30
https://share.google/4XBtdnj48bCGyoY3O,ExternalLink,200,https://tll-next.vercel.app/testimonials,2025-11-30T20:05:02.736104+03:30
https://share.google/vR5lDCFoLKDzXnHt8,ExternalLink,200,https://tll-next.vercel.app/testimonials,2025-11-30T20:05:04.128127+03:30
https://share.google/V1T9Yd2b6BFMKCJ1w,ExternalLink,200,https://tll-next.vercel.app/testimonials,2025-11-30T20:05:05.546047+03:30
https://tll-next.vercel.app/_next/image?url=https%3A%2F%2Ftuanlelaw.s3.us-east-1.amazonaws.com%2Ffiles%2Fshares%2FBlogImage%2Fnew%2FStrong-Immigration-Application.webp&w=3840&q=75,Image,200,https://tll-next.vercel.app/resources/how-to-prepare-strong-immigration-application-tips,2025-11-30T20:05:06.903411+03:30
https://tll-next.vercel.app/resources/how-to-prepare-strong-immigration-application-tips#about-us,InternalLink,200,https://tll-next.vercel.app/resources/how-to-prepare-strong-immigration-application-tips,2025-11-30T20:05:08.274309+03:30
tel:+1-714-877-5840,ExternalLink,0,https://tll-next.vercel.app/resources/how-to-prepare-strong-immigration-application-tips,2025-11-30T20:05:08.929461+03:30
https://tll-next.vercel.app/_next/image?url=%2Fassets%2Fblog%2FCTA_box_img.png&w=3840&q=75,Image,200,https://tll-next.vercel.app/resources/how-to-prepare-strong-immigration-application-tips,2025-11-30T20:05:09.240562+03:30
https://travel.state.gov/content/travel/en/us-visas/visa-information-resources/forms/ds-160-online-nonimmigrant-visa-application.html,ExternalLink,200,https://tll-next.vercel.app/resources/how-to-prepare-strong-immigration-application-tips,2025-11-30T20:05:11.588377+03:30
https://www.uscis.gov/sites/default/files/document/forms/i-485instr.pdf,ExternalLink,200,https://tll-next.vercel.app/resources/how-to-prepare-strong-immigration-application-tips,2025-11-30T20:05:12.710537+03:30
https://tll-next.vercel.app/_next/image?url=https%3A%2F%2Ftuanlelaw.s3.us-east-1.amazonaws.com%2FBlogImage%2Fnew%2Ftop-view-visa-application-arrangement.webp&w=1920&q=75,Image,200,https://tll-next.vercel.app/resources/how-to-prepare-strong-immigration-application-tips,2025-11-30T20:05:13.195713+03:30
https://tll-next.vercel.app/consular-processing-to-get-your-green-card/,InternalLink,200,https://tll-next.vercel.app/resources/how-to-prepare-strong-immigration-application-tips,2025-11-30T20:05:14.966926+03:30
https://www.uscis.gov/green-card/green-card-eligibility-categories,ExternalLink,200,https://tll-next.vercel.app/resources/how-to-prepare-strong-immigration-application-tips,2025-11-30T20:05:16.958488+03:30
https://www.uscis.gov/i-130,ExternalLink,200,https://tll-next.vercel.app/resources/how-to-prepare-strong-immigration-application-tips,2025-11-30T20:05:17.755673+03:30
https://www.uscis.gov/i-140,ExternalLink,200,https://tll-next.vercel.app/resources/how-to-prepare-strong-immigration-application-tips,2025-11-30T20:05:19.06355+03:30
https://egov.uscis.gov/processing-times/,ExternalLink,403,https://tll-next.vercel.app/resources/how-to-prepare-strong-immigration-application-tips,2025-11-30T20:05:19.802621+03:30
https://www.uscis.gov/i-485,ExternalLink,200,https://tll-next.vercel.app/resources/how-to-prepare-strong-immigration-application-tips,2025-11-30T20:05:20.667755+03:30
https://tll-next.vercel.app/resources/how-to-prepare-strong-immigration-application-tips#contact,InternalLink,200,https://tll-next.vercel.app/resources/how-to-prepare-strong-immigration-application-tips,2025-11-30T20:05:20.875824+03:30
https://tll-next.vercel.app/immigration/,InternalLink,404,https://tll-next.vercel.app/resources/how-to-prepare-strong-immigration-application-tips,2025-11-30T20:05:22.749358+03:30
https://tll-next.vercel.app/asylum-humanitarian-relief/asylum,InternalLink,404,https://tll-next.vercel.app/asylum-humanitarian-relief/asylum/asylum-seekers-rights-and-challenges,2025-11-30T20:05:23.539771+03:30
https://www.aila.org/,ExternalLink,200,https://tll-next.vercel.app/asylum-humanitarian-relief/asylum/asylum-seekers-rights-and-challenges,2025-11-30T20:05:25.40795+03:30
https://www.immigrantjustice.org/,ExternalLink,200,https://tll-next.vercel.app/asylum-humanitarian-relief/asylum/asylum-seekers-rights-and-challenges,2025-11-30T20:05:28.056444+03:30
https://www.ilrc.org/,ExternalLink,403,https://tll-next.vercel.app/asylum-humanitarian-relief/asylum/asylum-seekers-rights-and-challenges,2025-11-30T20:05:28.814093+03:30
https://www.cliniclegal.org/,ExternalLink,403,https://tll-next.vercel.app/asylum-humanitarian-relief/asylum/asylum-seekers-rights-and-challenges,2025-11-30T20:05:29.613413+03:30
https://humanrightsfirst.org/,ExternalLink,200,https://tll-next.vercel.app/asylum-humanitarian-relief/asylum/asylum-seekers-rights-and-challenges,2025-11-30T20:05:30.573147+03:30
https://www.asylumadvocacy.org/,ExternalLink,200,https://tll-next.vercel.app/asylum-humanitarian-relief/asylum/asylum-seekers-rights-and-challenges,2025-11-30T20:05:32.272847+03:30
https://www.probono.net/,ExternalLink,200,https://tll-next.vercel.app/asylum-humanitarian-relief/asylum/asylum-seekers-rights-and-challenges,2025-11-30T20:05:33.52816+03:30
https://doctorsoftheworld.org/where-we-work/united-states/,ExternalLink,200,https://tll-next.vercel.app/asylum-humanitarian-relief/asylum/asylum-seekers-rights-and-challenges,2025-11-30T20:05:35.063774+03:30
https://www.rescue.org/,ExternalLink,200,https://tll-next.vercel.app/asylum-humanitarian-relief/asylum/asylum-seekers-rights-and-challenges,2025-11-30T20:05:36.968699+03:30
https://refugeehealthcoordinators.wordpress.com/,ExternalLink,200,https://tll-next.vercel.app/asylum-humanitarian-relief/asylum/asylum-seekers-rights-and-challenges,2025-11-30T20:05:38.00804+03:30
https://www.cvt.org/,ExternalLink,200,https://tll-next.vercel.app/asylum-humanitarian-relief/asylum/asylum-seekers-rights-and-challenges,2025-11-30T20:05:39.048533+03:30
https://hias.org/,ExternalLink,403,https://tll-next.vercel.app/asylum-humanitarian-relief/asylum/asylum-seekers-rights-and-challenges,2025-11-30T20:05:39.832519+03:30
https://www.raicestexas.org/,ExternalLink,200,https://tll-next.vercel.app/asylum-humanitarian-relief/asylum/asylum-seekers-rights-and-challenges,2025-11-30T20:05:41.681569+03:30
https://cwsglobal.org/,ExternalLink,200,https://tll-next.vercel.app/asylum-humanitarian-relief/asylum/asylum-seekers-rights-and-challenges,2025-11-30T20:05:43.109128+03:30
https://welcomingamerica.org/,ExternalLink,200,https://tll-next.vercel.app/asylum-humanitarian-relief/asylum/asylum-seekers-rights-and-challenges,2025-11-30T20:05:43.98124+03:30
https://www.catholiccharitiesusa.org/,ExternalLink,403,https://tll-next.vercel.app/asylum-humanitarian-relief/asylum/asylum-seekers-rights-and-challenges,2025-11-30T20:05:44.72312+03:30
https://www.lirs.org/,ExternalLink,200,https://tll-next.vercel.app/asylum-humanitarian-relief/asylum/asylum-seekers-rights-and-challenges,2025-11-30T20:05:48.554276+03:30
https://tll-next.vercel.app/asylum-humanitarian-relief/asylum/asylum-seekers-rights-and-challenges#about-us,InternalLink,200,https://tll-next.vercel.app/asylum-humanitarian-relief/asylum/asylum-seekers-rights-and-challenges,2025-11-30T20:05:49.15098+03:30
https://tll-next.vercel.app/asylum-humanitarian-relief/asylum/application-for-asylum,InternalLink,200,https://tll-next.vercel.app/asylum-humanitarian-relief/asylum/asylum-seekers-rights-and-challenges,2025-11-30T20:05:50.369432+03:30
https://tll-next.vercel.app/_next/image?url=https%3A%2F%2Ftuanlelaw.s3.us-east-1.amazonaws.com%2Ffiles%2Fshares%2FBlogImage%2Fapplication-for-asylum-in-the-usa-1200x794.webp&w=3840&q=75,Image,200,https://tll-next.vercel.app/asylum-humanitarian-relief/asylum/asylum-seekers-rights-and-challenges,2025-11-30T20:05:51.500373+03:30
https://tll-next.vercel.app/deportation-defense,InternalLink,404,https://tll-next.vercel.app/deportation-defense/removal-proceedings,2025-11-30T20:05:52.548197+03:30
https://tll-next.vercel.app/_next/image?url=https%3A%2F%2Ftuanlelaw.s3.us-east-1.amazonaws.com%2Ffiles%2Fshares%2FBlogImage%2Fimmigration-custody-CA.webp&w=1920&q=75,Image,200,https://tll-next.vercel.app/deportation-defense/removal-proceedings,2025-11-30T20:05:53.31267+03:30
https://tll-next.vercel.app/testimonials/,InternalLink,200,https://tll-next.vercel.app/deportation-defense/removal-proceedings,2025-11-30T20:05:54.596704+03:30
https://tll-next.vercel.app/_next/image?url=https%3A%2F%2Ftuanlelaw.s3.us-east-1.amazonaws.com%2Ffiles%2Fshares%2FBlogImage%2FImmigration-Attorney-Orange.webp&w=1920&q=75,Image,200,https://tll-next.vercel.app/deportation-defense/removal-proceedings,2025-11-30T20:05:56.245457+03:30
https://en.wikipedia.org/wiki/Violence_Against_Women_Act,ExternalLink,200,https://tll-next.vercel.app/deportation-defense/removal-proceedings,2025-11-30T20:05:58.05079+03:30
https://tll-next.vercel.app/_next/image?url=https%3A%2F%2Ftuanlelaw.s3.us-east-1.amazonaws.com%2Ffiles%2Fshares%2FBlogImage%2FImmigration-Attorney-CA.webp&w=1920&q=75,Image,200,https://tll-next.vercel.app/deportation-defense/removal-proceedings,2025-11-30T20:05:58.474648+03:30
https://tll-next.vercel.app/deportation-defense/removal-proceedings#about-us,InternalLink,200,https://tll-next.vercel.app/deportation-defense/removal-proceedings,2025-11-30T20:05:59.459931+03:30
https://tll-next.vercel.app/deportation-defense/immigration-court-defense-strategies,InternalLink,200,https://tll-next.vercel.app/deportation-defense/removal-proceedings,2025-11-30T20:06:00.501239+03:30
https://tll-next.vercel.app/_next/image?url=https%3A%2F%2Ftuanlelaw.s3.us-east-1.amazonaws.com%2Ffiles%2Fshares%2FBlogImage%2FConstitutional-and-Human-Rights-Defenses-in-Immigration-Court-1200x795.webp&w=3840&q=75,Image,200,https://tll-next.vercel.app/deportation-defense/removal-proceedings,2025-11-30T20:06:01.754037+03:30
https://tll-next.vercel.app/deportation-defense/removal-proceedings/fighting-removal-proceedings,InternalLink,200,https://tll-next.vercel.app/deportation-defense/removal-proceedings,2025-11-30T20:06:02.924124+03:30
https://tll-next.vercel.app/_next/image?url=https%3A%2F%2Ftuanlelaw.s3.us-east-1.amazonaws.com%2Ffiles%2Fshares%2FBlogImage%2FDeportation-Defense-Strategies-to-Fight-Removal-Proceedings-1200x747.webp&w=3840&q=75,Image,200,https://tll-next.vercel.app/deportation-defense/removal-proceedings,2025-11-30T20:06:04.254921+03:30
https://www.uscis.gov/green-card,ExternalLink,200,https://tll-next.vercel.app/resources/common-immigration-questions-answered-immigration-lawyer,2025-11-30T20:06:06.093966+03:30
https://tll-next.vercel.app/guide-naturalization-process-filing-form-n-400-and-other-steps/,InternalLink,200,https://tll-next.vercel.app/resources/common-immigration-questions-answered-immigration-lawyer,2025-11-30T20:06:06.978464+03:30
https://tll-next.vercel.app/family-based-immigration/,InternalLink,200,https://tll-next.vercel.app/resources/common-immigration-questions-answered-immigration-lawyer,2025-11-30T20:06:08.831124+03:30
https://tll-next.vercel.app/_next/image?url=https%3A%2F%2Ftuanlelaw.s3.us-east-1.amazonaws.com%2Ffiles%2Fshares%2FBlogImage%2Fnew%2Fcommon-immigration-questions2.webp&w=1920&q=75,Image,200,https://tll-next.vercel.app/resources/common-immigration-questions-answered-immigration-lawyer,2025-11-30T20:06:10.500596+03:30
https://tll-next.vercel.app/f-1-student-visa-application-and-embassy-interview/,InternalLink,200,https://tll-next.vercel.app/resources/common-immigration-questions-answered-immigration-lawyer,2025-11-30T20:06:12.036963+03:30
https://www.uscis.gov/i-589,ExternalLink,200,https://tll-next.vercel.app/resources/common-immigration-questions-answered-immigration-lawyer,2025-11-30T20:06:13.920236+03:30
https://tll-next.vercel.app/application-for-asylum-in-the-usa/,InternalLink,200,https://tll-next.vercel.app/resources/common-immigration-questions-answered-immigration-lawyer,2025-11-30T20:06:14.558709+03:30
https://tll-next.vercel.app/immigration-court-defense-strategies-immigration-lawyer/,InternalLink,200,https://tll-next.vercel.app/resources/common-immigration-questions-answered-immigration-lawyer,2025-11-30T20:06:16.278221+03:30
https://www.uscis.gov/i-765,ExternalLink,200,https://tll-next.vercel.app/resources/common-immigration-questions-answered-immigration-lawyer,2025-11-30T20:06:18.061561+03:30
https://tll-next.vercel.app/_next/image?url=https%3A%2F%2Ftuanlelaw.s3.us-east-1.amazonaws.com%2Ffiles%2Fshares%2Fnews%2Fcovid-cases-increased-in-immigrants.webp&w=1920&q=75,Image,200,https://tll-next.vercel.app/resources/coronavirus-cases-increased-among-detained-immigrants,2025-11-30T20:06:18.519262+03:30
https://tll-next.vercel.app/_next/image?url=https%3A%2F%2Ftuanlelaw.s3.us-east-1.amazonaws.com%2Ffiles%2Fshares%2FBlogImage%2FSubmit-Error-Free-Applications.webp&w=1920&q=75,Image,200,https://tll-next.vercel.app/resources/expedite-uscis-case,2025-11-30T20:06:19.990673+03:30
https://tll-next.vercel.app/how-to-avoid-immigration-application-errors/,InternalLink,200,https://tll-next.vercel.app/resources/expedite-uscis-case,2025-11-30T20:06:21.612093+03:30
https://egov.uscis.gov/,ExternalLink,403,https://tll-next.vercel.app/resources/expedite-uscis-case,2025-11-30T20:06:23.414708+03:30
https://www.uscis.gov/newsroom,ExternalLink,200,https://tll-next.vercel.app/resources/expedite-uscis-case,2025-11-30T20:06:24.192321+03:30
https://www.dhs.gov/,ExternalLink,200,https://tll-next.vercel.app/resources/expedite-uscis-case,2025-11-30T20:06:25.308004+03:30
https://www.federalregister.gov/,ExternalLink,200,https://tll-next.vercel.app/resources/expedite-uscis-case,2025-11-30T20:06:26.857475+03:30
https://tll-next.vercel.app/_next/image?url=https%3A%2F%2Ftuanlelaw.s3.us-east-1.amazonaws.com%2Ffiles%2Fshares%2FBlogImage%2FHire-an-Immigration-Lawyer.webp&w=1920&q=75,Image,200,https://tll-next.vercel.app/resources/expedite-uscis-case,2025-11-30T20:06:27.392557+03:30
https://www.uscis.gov/,ExternalLink,200,https://tll-next.vercel.app/resources/expedite-uscis-case,2025-11-30T20:06:28.908022+03:30
https://www.law.cornell.edu/wex/mandamus,ExternalLink,200,https://tll-next.vercel.app/resources/expedite-uscis-case,2025-11-30T20:06:29.934408+03:30
https://tll-next.vercel.app/resources/expedite-uscis-case#about-us,InternalLink,200,https://tll-next.vercel.app/resources/expedite-uscis-case,2025-11-30T20:06:30.146722+03:30
https://tll-next.vercel.app/resources/expedite-uscis-case#contact-us,InternalLink,200,https://tll-next.vercel.app/resources/expedite-uscis-case,2025-11-30T20:06:30.964337+03:30
https://tll-next.vercel.app/asylum-humanitarian-relief#about-us,InternalLink,200,https://tll-next.vercel.app/asylum-humanitarian-relief,2025-11-30T20:06:31.771142+03:30
https://www.uscis.gov/working-in-the-united-states,ExternalLink,200,https://tll-next.vercel.app/asylum-humanitarian-relief,2025-11-30T20:06:33.463594+03:30
https://www.uscis.gov/green-card/green-card-processes-and-procedures/public-charge/public-charge-resources,ExternalLink,200,https://tll-next.vercel.app/asylum-humanitarian-relief,2025-11-30T20:06:35.482933+03:30
https://tll-next.vercel.app/_next/image?url=https%3A%2F%2Ftuanlelaw.s3.us-east-1.amazonaws.com%2FBlogImage%2FUndocumented-Immigrants-Charting-Course-Through-US-Immigration-Challenges-600x900.webp&w=1920&q=75,Image,200,https://tll-next.vercel.app/asylum-humanitarian-relief,2025-11-30T20:06:36.351237+03:30
https://www.uscis.gov/DACA,ExternalLink,200,https://tll-next.vercel.app/asylum-humanitarian-relief,2025-11-30T20:06:37.848906+03:30
https://en.wikipedia.org/wiki/U_visa,ExternalLink,200,https://tll-next.vercel.app/asylum-humanitarian-relief,2025-11-30T20:06:38.905546+03:30
https://tll-next.vercel.app/us-immigrant-visas,InternalLink,200,https://tll-next.vercel.app/us-immigrant-visas/family-based-immigration,2025-11-30T20:06:39.446237+03:30
https://tll-next.vercel.app/_next/image?url=https%3A%2F%2Ftuanlelaw.s3.us-east-1.amazonaws.com%2Ffiles%2Fshares%2FBlogImage%2Ffamily-with-daughter-holding-passports-luggage-ready-travel-2.webp&w=3840&q=75,Image,200,https://tll-next.vercel.app/us-immigrant-visas/family-based-immigration,2025-11-30T20:06:40.536264+03:30
https://www.dhs.gov/ohss/topics/immigration/lpr-afr,ExternalLink,200,https://tll-next.vercel.app/us-immigrant-visas/family-based-immigration,2025-11-30T20:06:44.73658+03:30
https://www.uscis.gov/green-card/green-card-eligibility/green-card-for-family-preference-immigrants,ExternalLink,200,https://tll-next.vercel.app/us-immigrant-visas/family-based-immigration,2025-11-30T20:06:46.066738+03:30
https://www.uscis.gov/green-card/green-card-eligibility/green-card-for-immediate-relatives-of-us-citizen,ExternalLink,200,https://tll-next.vercel.app/us-immigrant-visas/family-based-immigration,2025-11-30T20:06:46.907671+03:30
https://travel.state.gov/content/travel/en/us-visas/immigrate/family-immigration/immigrant-visa-for-spouse.html,ExternalLink,200,https://tll-next.vercel.app/us-immigrant-visas/family-based-immigration,2025-11-30T20:06:47.666829+03:30
https://www.uscis.gov/adoption/bringing-your-internationally-adopted-child-to-the-united-states/your-new-childs-immigrant-visa/your-new-childs-immigrant-visa,ExternalLink,200,https://tll-next.vercel.app/us-immigrant-visas/family-based-immigration,2025-11-30T20:06:48.926566+03:30
https://www.uscisguide.com/visa/immigrant-visas/immediate-relative-family-sponsored/ir-5-visa-parent-of-a-u-s-citizen/,ExternalLink,200,https://tll-next.vercel.app/us-immigrant-visas/family-based-immigration,2025-11-30T20:06:49.843055+03:30
"https://www.uscis.gov/green-card/green-card-eligibility/green-card-for-family-preference-immigrants#:~:text=Other%20family%20members%20eligible%20to%20apply%20for%20a,and%20daughters%20of%20U.S.%20citizens%3B%20and%20More%20items",ExternalLink,200,https://tll-next.vercel.app/us-immigrant-visas/family-based-immigration,2025-11-30T20:06:50.614114+03:30
https://travel.state.gov/content/travel/en/legal/visa-law0/visa-bulletin.html,ExternalLink,200,https://tll-next.vercel.app/us-immigrant-visas/family-based-immigration,2025-11-30T20:06:51.187622+03:30
https://tll-next.vercel.app/us-immigrant-visas/family-based-immigration#contact,InternalLink,200,https://tll-next.vercel.app/us-immigrant-visas/family-based-immigration,2025-11-30T20:06:51.53557+03:30
https://tll-next.vercel.app/us-immigrant-visas/family-based-immigration#about-us,InternalLink,200,https://tll-next.vercel.app/us-immigrant-visas/family-based-immigration,2025-11-30T20:06:52.555453+03:30
https://tll-next.vercel.app/us-immigrant-visas/employment-based-immigration/eb-2/national-interest-waiver,InternalLink,200,https://tll-next.vercel.app/us-immigrant-visas/family-based-immigration,2025-11-30T20:06:54.178483+03:30
https://tll-next.vercel.app/_next/image?url=https%3A%2F%2Ftuanlelaw.s3.us-east-1.amazonaws.com%2Ffiles%2Fshares%2FBlogImage%2FiStock-1469991623-1200x800.webp&w=3840&q=75,Image,200,https://tll-next.vercel.app/us-immigrant-visas/family-based-immigration,2025-11-30T20:06:55.48507+03:30
https://tll-next.vercel.app/us-immigrant-visas/family-based-immigration/fiance-visas/k-1-visas,InternalLink,200,https://tll-next.vercel.app/us-immigrant-visas/family-based-immigration,2025-11-30T20:06:56.397653+03:30
https://tll-next.vercel.app/_next/image?url=https%3A%2F%2Ftuanlelaw.s3.us-east-1.amazonaws.com%2Ffiles%2Fshares%2FBlogImage%2Fnew%2Fk%20-1%20Visa.webp&w=3840&q=75,Image,200,https://tll-next.vercel.app/us-immigrant-visas/family-based-immigration,2025-11-30T20:06:57.817641+03:30
https://tll-next.vercel.app/us-immigrant-visas/family-based-immigration/marriage-visas/green-card-through-marriage,InternalLink,200,https://tll-next.vercel.app/us-immigrant-visas/family-based-immigration,2025-11-30T20:06:58.8286+03:30
https://tll-next.vercel.app/_next/image?url=https%3A%2F%2Ftuanlelaw.s3.us-east-1.amazonaws.com%2Ffiles%2Fshares%2FBlogImage%2FGreen-Card-Through-Marriage-How-to-Apply-and-Avoid-Pitfalls2%2520(1).webp&w=3840&q=75,Image,200,https://tll-next.vercel.app/us-immigrant-visas/family-based-immigration,2025-11-30T20:07:00.083272+03:30
https://tll-next.vercel.app/us-immigrant-visas/employment-based-immigration,InternalLink,404,https://tll-next.vercel.app/us-immigrant-visas/employment-based-immigration/eb-2,2025-11-30T20:07:01.330297+03:30
https://tll-next.vercel.app/_next/image?url=https%3A%2F%2Ftuanlelaw.s3.us-east-1.amazonaws.com%2Ffiles%2Fshares%2FBlogImage%2FEB-2-Employment-Based-Visa%20(1).webp&w=3840&q=75,Image,200,https://tll-next.vercel.app/us-immigrant-visas/employment-based-immigration/eb-2,2025-11-30T20:07:02.320268+03:30
https://tll-next.vercel.app/guide-to-h1b-visa-requirements-and-application-by-an-immigration-lawyer/,InternalLink,200,https://tll-next.vercel.app/us-immigrant-visas/employment-based-immigration/eb-2,2025-11-30T20:07:04.51467+03:30
https://tll-next.vercel.app/eb-1-visas-requirements-eligibility-and-application/,InternalLink,200,https://tll-next.vercel.app/us-immigrant-visas/employment-based-immigration/eb-2,2025-11-30T20:07:06.729814+03:30
https://www.dol.gov/,ExternalLink,200,https://tll-next.vercel.app/us-immigrant-visas/employment-based-immigration/eb-2,2025-11-30T20:07:09.066977+03:30
https://tll-next.vercel.app/national-interest-waiver-everything-you-should-know-in-simple-words/,InternalLink,200,https://tll-next.vercel.app/us-immigrant-visas/employment-based-immigration/eb-2,2025-11-30T20:07:09.659812+03:30
https://www.dol.gov/agencies/eta/foreign-labor/forms,ExternalLink,200,https://tll-next.vercel.app/us-immigrant-visas/employment-based-immigration/eb-2,2025-11-30T20:07:11.69943+03:30
https://www.law.cornell.edu/cfr/text/20/656.10,ExternalLink,200,https://tll-next.vercel.app/us-immigrant-visas/employment-based-immigration/eb-2,2025-11-30T20:07:13.069705+03:30
https://www.law.cornell.edu/cfr/text/20/656.17,ExternalLink,200,https://tll-next.vercel.app/us-immigrant-visas/employment-based-immigration/eb-2,2025-11-30T20:07:13.858088+03:30
https://www.uscis.gov/sites/default/files/document/forms/i-140instr.pdf,ExternalLink,200,https://tll-next.vercel.app/us-immigrant-visas/employment-based-immigration/eb-2,2025-11-30T20:07:14.892868+03:30
https://www.uscis.gov/forms/all-forms/direct-filing-addresses-for-form-i-140-immigrant-petition-for-alien-worker,ExternalLink,200,https://tll-next.vercel.app/us-immigrant-visas/employment-based-immigration/eb-2,2025-11-30T20:07:15.713754+03:30
https://travel.state.gov/content/travel/en/us-visas/visa-information-resources/forms/online-immigrant-visa-forms/ds-260-faqs.html,ExternalLink,200,https://tll-next.vercel.app/us-immigrant-visas/employment-based-immigration/eb-2,2025-11-30T20:07:16.2974+03:30
https://tll-next.vercel.app/_next/image?url=https%3A%2F%2Ftuanlelaw.s3.us-east-1.amazonaws.com%2Ffiles%2Fshares%2FBlogImage%2Fconsular-processing-for-us-green-card%2520(1).webp&w=3840&q=75,Image,200,https://tll-next.vercel.app/consular-processing-to-get-your-green-card/,2025-11-30T20:07:16.816559+03:30
https://tll-next.vercel.app/consular-processing-to-get-your-green-card/#contact,InternalLink,200,https://tll-next.vercel.app/consular-processing-to-get-your-green-card/,2025-11-30T20:07:18.387715+03:30
https://www.uscis.gov/sites/default/files/document/guides/B2en.pdf,ExternalLink,404,https://tll-next.vercel.app/consular-processing-to-get-your-green-card/,2025-11-30T20:07:21.331501+03:30
https://www.uscis.gov/file-online,ExternalLink,200,https://tll-next.vercel.app/consular-processing-to-get-your-green-card/,2025-11-30T20:07:22.559062+03:30
https://www.uscis.gov/i-360,ExternalLink,200,https://tll-next.vercel.app/consular-processing-to-get-your-green-card/,2025-11-30T20:07:24.912814+03:30
https://docs.google.com/document/d/13EX-SnKxkqLD30Z3aDjuEmU8VV_37hDs/edit#heading=h.1fob9te,ExternalLink,200,https://tll-next.vercel.app/consular-processing-to-get-your-green-card/,2025-11-30T20:07:26.038395+03:30
https://docs.google.com/document/d/13EX-SnKxkqLD30Z3aDjuEmU8VV_37hDs/edit#heading=h.30j0zll,ExternalLink,200,https://tll-next.vercel.app/consular-processing-to-get-your-green-card/,2025-11-30T20:07:26.769563+03:30
https://tll-next.vercel.app/consular-processing-to-get-your-green-card/#about-us,InternalLink,200,https://tll-next.vercel.app/consular-processing-to-get-your-green-card/,2025-11-30T20:07:27.472553+03:30
https://tll-next.vercel.app/asylum-seekers-legal-rights-and-challenges-faced-in-the-u-s/,InternalLink,200,https://tll-next.vercel.app/asylum-humanitarian-relief/asylum/application-for-asylum,2025-11-30T20:07:29.315505+03:30
https://www.uscis.gov/sites/default/files/document/forms/i-589.pdf,ExternalLink,200,https://tll-next.vercel.app/asylum-humanitarian-relief/asylum/application-for-asylum,2025-11-30T20:07:33.111401+03:30
https://www.uscis.gov/humanitarian/form-i-589-filing-instructions-tool,ExternalLink,200,https://tll-next.vercel.app/asylum-humanitarian-relief/asylum/application-for-asylum,2025-11-30T20:07:34.538668+03:30
https://www.uscis.gov/sites/default/files/document/forms/i-589instr.pdf,ExternalLink,200,https://tll-next.vercel.app/asylum-humanitarian-relief/asylum/application-for-asylum,2025-11-30T20:07:35.357694+03:30
https://tll-next.vercel.app/become-u-s-citizen-explained-citizenship-lawyer/,InternalLink,200,https://tll-next.vercel.app/asylum-humanitarian-relief/asylum/application-for-asylum,2025-11-30T20:07:36.119937+03:30
https://www.justice.gov/eoir/about-office,ExternalLink,200,https://tll-next.vercel.app/deportation-defense/immigration-court-defense-strategies,2025-11-30T20:07:38.32994+03:30
https://www.usa.gov/deportation-process,ExternalLink,200,https://tll-next.vercel.app/deportation-defense/immigration-court-defense-strategies,2025-11-30T20:07:39.205093+03:30
https://www.justice.gov/eoir/board-of-immigration-appeals-bios,ExternalLink,200,https://tll-next.vercel.app/deportation-defense/immigration-court-defense-strategies,2025-11-30T20:07:39.998323+03:30
https://www.justice.gov/eoir/page/file/1327636/download,ExternalLink,200,https://tll-next.vercel.app/deportation-defense/immigration-court-defense-strategies,2025-11-30T20:07:40.784971+03:30
https://tll-next.vercel.app/deportation-defense/removal-proceedings/fighting-removal-proceedings#about-us,InternalLink,200,https://tll-next.vercel.app/deportation-defense/removal-proceedings/fighting-removal-proceedings,2025-11-30T20:07:40.988043+03:30
https://www.uscis.gov/laws-and-policy/other-resources/notice-to-appear-policy-memorandum,ExternalLink,200,https://tll-next.vercel.app/deportation-defense/removal-proceedings/fighting-removal-proceedings,2025-11-30T20:07:44.506951+03:30
https://www.ice.gov/,ExternalLink,200,https://tll-next.vercel.app/deportation-defense/removal-proceedings/fighting-removal-proceedings,2025-11-30T20:07:46.06236+03:30
https://www.justice.gov/eoir/board-of-immigration-appeals,ExternalLink,200,https://tll-next.vercel.app/deportation-defense/removal-proceedings/fighting-removal-proceedings,2025-11-30T20:07:46.782532+03:30
https://tll-next.vercel.app/citizenship-naturalization,InternalLink,404,https://tll-next.vercel.app/guide-naturalization-process-filing-form-n-400-and-other-steps/,2025-11-30T20:07:47.087953+03:30
https://tll-next.vercel.app/_next/image?url=https%3A%2F%2Ftuanlelaw.s3.us-east-1.amazonaws.com%2Ffiles%2Fshares%2FBlogImage%2Fguide-naturalization-process-filing-form-n-400-and-other-steps-1200x800.webp&w=3840&q=75,Image,200,https://tll-next.vercel.app/guide-naturalization-process-filing-form-n-400-and-other-steps/,2025-11-30T20:07:48.044816+03:30
https://www.uscis.gov/citizenship-resource-center/learn-about-citizenship/naturalization-eligibility-tool,ExternalLink,200,https://tll-next.vercel.app/guide-naturalization-process-filing-form-n-400-and-other-steps/,2025-11-30T20:07:50.048245+03:30
https://www.uscis.gov/n-400,ExternalLink,200,https://tll-next.vercel.app/guide-naturalization-process-filing-form-n-400-and-other-steps/,2025-11-30T20:07:50.842217+03:30
https://www.uscis.gov/forms/all-forms/direct-filing-addresses-for-form-n-400-application-for-naturalization,ExternalLink,200,https://tll-next.vercel.app/guide-naturalization-process-filing-form-n-400-and-other-steps/,2025-11-30T20:07:52.126169+03:30
https://tll-next.vercel.app/wp-content/uploads/doc/n-400.pdf,InternalLink,404,https://tll-next.vercel.app/guide-naturalization-process-filing-form-n-400-and-other-steps/,2025-11-30T20:07:52.422194+03:30
https://tll-next.vercel.app/wp-content/uploads/doc/n-400instr.pdf,InternalLink,404,https://tll-next.vercel.app/guide-naturalization-process-filing-form-n-400-and-other-steps/,2025-11-30T20:07:53.101537+03:30
https://www.uscis.gov/sites/default/files/document/guides/M-477.pdf,ExternalLink,200,https://tll-next.vercel.app/guide-naturalization-process-filing-form-n-400-and-other-steps/,2025-11-30T20:07:53.917875+03:30
https://www.uscis.gov/citizenship/find-study-materials-and-resources/study-for-the-test,ExternalLink,200,https://tll-next.vercel.app/guide-naturalization-process-filing-form-n-400-and-other-steps/,2025-11-30T20:07:54.679162+03:30
https://tll-next.vercel.app/citizenship-naturalization/become-a-us-citizen,InternalLink,200,https://tll-next.vercel.app/guide-naturalization-process-filing-form-n-400-and-other-steps/,2025-11-30T20:07:55.269563+03:30
https://tll-next.vercel.app/_next/image?url=https%3A%2F%2Ftuanlelaw.s3.us-east-1.amazonaws.com%2Ffiles%2Fshares%2FBlogImage%2FPaths-to-Become-a-U.S.-Citizen-Explained-by-a-Citizenship-Lawyer-1200x800.webp&w=3840&q=75,Image,200,https://tll-next.vercel.app/guide-naturalization-process-filing-form-n-400-and-other-steps/,2025-11-30T20:07:56.553561+03:30
https://tll-next.vercel.app/family-based-immigration/#contact,InternalLink,200,https://tll-next.vercel.app/family-based-immigration/,2025-11-30T20:07:58.297704+03:30
https://tll-next.vercel.app/family-based-immigration/#about-us,InternalLink,200,https://tll-next.vercel.app/family-based-immigration/,2025-11-30T20:08:00.168409+03:30
https://tll-next.vercel.app/us-nonimmigrant-visas,InternalLink,200,https://tll-next.vercel.app/f-1-student-visa-application-and-embassy-interview/,2025-11-30T20:08:01.827371+03:30
https://tll-next.vercel.app/us-nonimmigrant-visas/student-visas,InternalLink,404,https://tll-next.vercel.app/f-1-student-visa-application-and-embassy-interview/,2025-11-30T20:08:02.811646+03:30
https://tll-next.vercel.app/_next/image?url=https%3A%2F%2Ftuanlelaw.s3.us-east-1.amazonaws.com%2Ffiles%2Fshares%2FBlogImage%2FF-1-Student-Visa-Application-and-Embassy-Interview-1200x800.webp&w=3840&q=75,Image,200,https://tll-next.vercel.app/f-1-student-visa-application-and-embassy-interview/,2025-11-30T20:08:03.590992+03:30
https://studyinthestates.dhs.gov/school-search,ExternalLink,200,https://tll-next.vercel.app/f-1-student-visa-application-and-embassy-interview/,2025-11-30T20:08:06.590874+03:30
https://www.ice.gov/sevis,ExternalLink,200,https://tll-next.vercel.app/f-1-student-visa-application-and-embassy-interview/,2025-11-30T20:08:07.375116+03:30
https://www.ice.gov/sevis/i901/faq,ExternalLink,200,https://tll-next.vercel.app/f-1-student-visa-application-and-embassy-interview/,2025-11-30T20:08:09.267555+03:30
https://studyinthestates.dhs.gov/students/prepare/students-and-the-form-i-20,ExternalLink,200,https://tll-next.vercel.app/f-1-student-visa-application-and-embassy-interview/,2025-11-30T20:08:10.067508+03:30
https://travel.state.gov/content/travel/en/us-visas/visa-information-resources/photos.html,ExternalLink,200,https://tll-next.vercel.app/f-1-student-visa-application-and-embassy-interview/,2025-11-30T20:08:10.772863+03:30
https://www.insubuy.com/international-student-insurance/?aid=vguide,ExternalLink,403,https://tll-next.vercel.app/f-1-student-visa-application-and-embassy-interview/,2025-11-30T20:08:12.401503+03:30
https://ceac.state.gov/genniv/,ExternalLink,200,https://tll-next.vercel.app/f-1-student-visa-application-and-embassy-interview/,2025-11-30T20:08:16.644552+03:30
https://tll-next.vercel.app/wp-content/uploads/doc/DS-160-Example_11012019.pdf,InternalLink,404,https://tll-next.vercel.app/f-1-student-visa-application-and-embassy-interview/,2025-11-30T20:08:16.919891+03:30
https://atlas.my.salesforce-sites.com/,ExternalLink,403,https://tll-next.vercel.app/f-1-student-visa-application-and-embassy-interview/,2025-11-30T20:08:18.964877+03:30
https://tll-next.vercel.app/_next/image?url=https%3A%2F%2Ftuanlelaw.s3.us-east-1.amazonaws.com%2Ffiles%2Fshares%2FBlogImage%2Fnew%2FDALL%C2%B7E%202025-02-16%2016.06.25%20-%20A%20realistic%20image%20of%20a%20stressed%20man%20sitting%20at%20a%20desk%20with%20a%20US%20visa%20application%20form%20in%20front%20of%20him.%20He%20is%20wearing%20a%20business%20suit%2C%20holding%20his%20head.webp&w=3840&q=75,Image,200,https://tll-next.vercel.app/how-to-avoid-immigration-application-errors/,2025-11-30T20:08:19.948107+03:30
https://tll-next.vercel.app/naturalization-and-citizenship-lawyer/,InternalLink,404,https://tll-next.vercel.app/how-to-avoid-immigration-application-errors/,2025-11-30T20:08:21.367949+03:30
https://www.uscis.gov/forms/forms-updates,ExternalLink,200,https://tll-next.vercel.app/how-to-avoid-immigration-application-errors/,2025-11-30T20:08:22.974609+03:30
https://www.uscis.gov/records/request-records-through-the-freedom-of-information-act-or-privacy-act,ExternalLink,200,https://tll-next.vercel.app/how-to-avoid-immigration-application-errors/,2025-11-30T20:08:25.328809+03:30
https://egov.uscis.gov/casestatus/landing.do,ExternalLink,403,https://tll-next.vercel.app/how-to-avoid-immigration-application-errors/,2025-11-30T20:08:25.861153+03:30
https://tll-next.vercel.app/how-to-avoid-immigration-application-errors/#contact,InternalLink,200,https://tll-next.vercel.app/how-to-avoid-immigration-application-errors/,2025-11-30T20:08:26.974609+03:30
https://tll-next.vercel.app/us-immigrant-visas/employment-based-immigration/eb-2/apply-for-the-b2-visa-by-yourself,InternalLink,200,https://tll-next.vercel.app/us-immigrant-visas,2025-11-30T20:08:28.324732+03:30
https://tll-next.vercel.app/_next/image?url=https%3A%2F%2Ftuanlelaw.s3.us-east-1.amazonaws.com%2Ffiles%2Fshares%2FBlogImage%2FAn-Ultimate-Guide-to-Apply-for-the-B2-Visa-by-Yourself-1200x901.webp&w=3840&q=75,Image,200,https://tll-next.vercel.app/us-immigrant-visas,2025-11-30T20:08:29.730943+03:30
https://tll-next.vercel.app/us-immigrant-visas/employment-based-immigration/eb-1/eb-1-visas-requirements,InternalLink,200,https://tll-next.vercel.app/us-immigrant-visas,2025-11-30T20:08:31.02612+03:30
https://tll-next.vercel.app/_next/image?url=https%3A%2F%2Ftuanlelaw.s3.us-east-1.amazonaws.com%2Ffiles%2Fshares%2FBlogImage%2FiStock-1452132474-1200x800.webp&w=3840&q=75,Image,200,https://tll-next.vercel.app/us-immigrant-visas,2025-11-30T20:08:32.308324+03:30
https://tll-next.vercel.app/us-immigrant-visas/employment-based-immigration/eb-1/b-1-visa-permitted-activities,InternalLink,200,https://tll-next.vercel.app/us-immigrant-visas,2025-11-30T20:08:33.583039+03:30
https://tll-next.vercel.app/_next/image?url=https%3A%2F%2Ftuanlelaw.s3.us-east-1.amazonaws.com%2Ffiles%2Fshares%2FBlogImage%2FB-1-Visa-Permitted-Activities-new1-1.png&w=3840&q=75,Image,502,https://tll-next.vercel.app/us-immigrant-visas,2025-11-30T20:08:34.822602+03:30
https://tll-next.vercel.app/us-immigrant-visas/employment-based-immigration/h-1b/h1-b-visa-requirements,InternalLink,200,https://tll-next.vercel.app/us-immigrant-visas,2025-11-30T20:08:35.467377+03:30
https://tll-next.vercel.app/_next/image?url=https%3A%2F%2Ftuanlelaw.s3.us-east-1.amazonaws.com%2Ffiles%2Fshares%2FBlogImage%2Fguide-to-h1b-visa-requirements-and-application-by-an-immigration-lawyer-1200x778.webp&w=3840&q=75,Image,200,https://tll-next.vercel.app/us-immigrant-visas,2025-11-30T20:08:36.801076+03:30
https://tll-next.vercel.app/us-immigrant-visas/diversity-visa-lottery/visa-application,InternalLink,200,https://tll-next.vercel.app/us-immigrant-visas,2025-11-30T20:08:38.052802+03:30
https://tll-next.vercel.app/_next/image?url=https%3A%2F%2Ftuanlelaw.s3.us-east-1.amazonaws.com%2Ffiles%2Fshares%2FBlogImage%2Fnew%2FDALL%C2%B7E%202025-02-01%2011.00.52%20-%20A%20highly%20realistic%20and%20high-quality%20close-up%20wide-angle%20cover%20image%20for%20a%20blog%20titled%20'Tips%20for%20a%20Successful%20Diversity%20Visa%20Application_%20Increase%20Your.webp&w=3840&q=75,Image,200,https://tll-next.vercel.app/us-immigrant-visas,2025-11-30T20:08:39.978618+03:30
https://www.uscis.gov/working-in-the-united-states/permanent-workers/employment-based-immigration-second-preference-eb-2,ExternalLink,200,https://tll-next.vercel.app/us-immigrant-visas,2025-11-30T20:08:41.577445+03:30
https://tll-next.vercel.app/us-immigrant-visas#about-us,InternalLink,200,https://tll-next.vercel.app/us-immigrant-visas,2025-11-30T20:08:42.019734+03:30
https://tll-next.vercel.app/us-immigrant-visas#contact-us,InternalLink,200,https://tll-next.vercel.app/us-immigrant-visas,2025-11-30T20:08:42.832915+03:30
tel:+1714-877-5840,ExternalLink,0,https://tll-next.vercel.app/us-immigrant-visas/employment-based-immigration/eb-2/national-interest-waiver,2025-11-30T20:08:43.433201+03:30
https://www.uscis.gov/forms/all-forms/direct-filing-addresses-for-form-i-140-immigrant-petition-for-alien-worker#Alone,ExternalLink,200,https://tll-next.vercel.app/us-immigrant-visas/employment-based-immigration/eb-2/national-interest-waiver,2025-11-30T20:08:44.255659+03:30
https://www.uscis.gov/about-us/organization/directorates-and-program-offices/the-administrative-appeals-office-aao,ExternalLink,200,https://tll-next.vercel.app/us-immigrant-visas/employment-based-immigration/eb-2/national-interest-waiver,2025-11-30T20:08:45.501015+03:30
https://tll-next.vercel.app/us-immigrant-visas/family-based-immigration/fiance-visas,InternalLink,404,https://tll-next.vercel.app/us-immigrant-visas/family-based-immigration/fiance-visas/k-1-visas,2025-11-30T20:08:45.757417+03:30
https://tll-next.vercel.app/us-immigrant-visas/family-based-immigration/fiance-visas/k-1-visas#about-us,InternalLink,200,https://tll-next.vercel.app/us-immigrant-visas/family-based-immigration/fiance-visas/k-1-visas,2025-11-30T20:08:46.431785+03:30
https://www.uscis.gov/i-129f,ExternalLink,200,https://tll-next.vercel.app/us-immigrant-visas/family-based-immigration/fiance-visas/k-1-visas,2025-11-30T20:08:48.084555+03:30
https://travel.state.gov/content/travel/en/us-visas/immigrate/family-immigration/nonimmigrant-visa-for-a-fiance-k-1.html?utm_source=chatgpt.com,ExternalLink,200,https://tll-next.vercel.app/us-immigrant-visas/family-based-immigration/fiance-visas/k-1-visas,2025-11-30T20:08:48.697098+03:30
https://www.uscis.gov/family/family-of-us-citizens/visas-for-fiancees-of-us-citizens?utm_source=chatgpt.com,ExternalLink,200,https://tll-next.vercel.app/us-immigrant-visas/family-based-immigration/fiance-visas/k-1-visas,2025-11-30T20:08:49.799936+03:30
https://www.uscis.gov/i-134,ExternalLink,200,https://tll-next.vercel.app/us-immigrant-visas/family-based-immigration/fiance-visas/k-1-visas,2025-11-30T20:08:50.627864+03:30
https://tll-next.vercel.app/green-card-through-marriage/,InternalLink,200,https://tll-next.vercel.app/us-immigrant-visas/family-based-immigration/fiance-visas/k-1-visas,2025-11-30T20:08:51.232652+03:30
https://www.usa.gov/fiance-visa?utm_source=chatgpt.com,ExternalLink,200,https://tll-next.vercel.app/us-immigrant-visas/family-based-immigration/fiance-visas/k-1-visas,2025-11-30T20:08:53.620781+03:30
https://tll-next.vercel.app/us-immigrant-visas/family-based-immigration/marriage-visas,InternalLink,404,https://tll-next.vercel.app/us-immigrant-visas/family-based-immigration/marriage-visas/green-card-through-marriage,2025-11-30T20:08:53.867199+03:30
https://www.boundless.com/research/k-1-fiance-visa-report/,ExternalLink,403,https://tll-next.vercel.app/us-immigrant-visas/family-based-immigration/marriage-visas/green-card-through-marriage,2025-11-30T20:08:54.685267+03:30
https://travel.state.gov/content/travel/en/us-visas/immigrate/family-immigration/nonimmigrant-visa-for-a-spouse-k-3.html,ExternalLink,200,https://tll-next.vercel.app/us-immigrant-visas/family-based-immigration/marriage-visas/green-card-through-marriage,2025-11-30T20:08:55.319836+03:30
https://travel.state.gov/content/travel/en/us-visas/immigrate/family-immigration/immigrant-visa-for-a-spouse-or-fiance-of-a-us-citizen.html,ExternalLink,200,https://tll-next.vercel.app/us-immigrant-visas/family-based-immigration/marriage-visas/green-card-through-marriage,2025-11-30T20:08:55.891447+03:30
https://www.uscis.gov/green-card/green-card-processes-and-procedures/adjustment-of-status,ExternalLink,200,https://tll-next.vercel.app/us-immigrant-visas/family-based-immigration/marriage-visas/green-card-through-marriage,2025-11-30T20:08:56.706684+03:30
https://tll-next.vercel.app/_next/image?url=https%3A%2F%2Ftuanlelaw.s3.us-east-1.amazonaws.com%2FBlogImage%2FGreen-Card-Through-Marriage-How-to-Apply-and-Avoid-Pitfalls.webp&w=1920&q=75,Image,200,https://tll-next.vercel.app/us-immigrant-visas/family-based-immigration/marriage-visas/green-card-through-marriage,2025-11-30T20:08:57.789785+03:30
https://www.uscis.gov/forms/filing-fees,ExternalLink,200,https://tll-next.vercel.app/us-immigrant-visas/family-based-immigration/marriage-visas/green-card-through-marriage,2025-11-30T20:08:59.941719+03:30
https://travel.state.gov/content/travel/en/us-visas/visa-information-resources/fees/fees-visa-services.html,ExternalLink,200,https://tll-next.vercel.app/us-immigrant-visas/family-based-immigration/marriage-visas/green-card-through-marriage,2025-11-30T20:09:00.549678+03:30
https://tll-next.vercel.app/us-immigrant-visas/family-based-immigration/marriage-visas/green-card-through-marriage#about-us,InternalLink,200,https://tll-next.vercel.app/us-immigrant-visas/family-based-immigration/marriage-visas/green-card-through-marriage,2025-11-30T20:09:00.754591+03:30
https://tll-next.vercel.app/us-immigrant-visas/employment-based-immigration/h-1b,InternalLink,404,https://tll-next.vercel.app/guide-to-h1b-visa-requirements-and-application-by-an-immigration-lawyer/,2025-11-30T20:09:02.085832+03:30
https://www.dol.gov/agencies/whd/immigration/h1b,ExternalLink,200,https://tll-next.vercel.app/guide-to-h1b-visa-requirements-and-application-by-an-immigration-lawyer/,2025-11-30T20:09:03.161576+03:30
https://myaccount.uscis.gov/users/sign_up,ExternalLink,200,https://tll-next.vercel.app/guide-to-h1b-visa-requirements-and-application-by-an-immigration-lawyer/,2025-11-30T20:09:04.830705+03:30
https://www.uscis.gov/working-in-the-united-states/h-1b-specialty-occupations,ExternalLink,200,https://tll-next.vercel.app/guide-to-h1b-visa-requirements-and-application-by-an-immigration-lawyer/,2025-11-30T20:09:05.717716+03:30
https://tll-next.vercel.app/business-and-employment-immigration/,InternalLink,404,https://tll-next.vercel.app/guide-to-h1b-visa-requirements-and-application-by-an-immigration-lawyer/,2025-11-30T20:09:06.76241+03:30
https://tll-next.vercel.app/us-immigrant-visas/employment-based-immigration/eb-1,InternalLink,404,https://tll-next.vercel.app/eb-1-visas-requirements-eligibility-and-application/,2025-11-30T20:09:07.460739+03:30
https://www.uscis.gov/working-in-the-united-states/permanent-workers/employment-based-immigration-first-preference-eb-1,ExternalLink,200,https://tll-next.vercel.app/eb-1-visas-requirements-eligibility-and-application/,2025-11-30T20:09:08.342918+03:30
https://www.uscis.gov/policy-manual/volume-6-part-f-chapter-4,ExternalLink,200,https://tll-next.vercel.app/eb-1-visas-requirements-eligibility-and-application/,2025-11-30T20:09:09.975751+03:30
https://www.uscis.gov/i-290b,ExternalLink,200,https://tll-next.vercel.app/eb-1-visas-requirements-eligibility-and-application/,2025-11-30T20:09:10.802263+03:30
https://www.uscis.gov/administrative-appeals/administrative-appeals,ExternalLink,200,https://tll-next.vercel.app/eb-1-visas-requirements-eligibility-and-application/,2025-11-30T20:09:11.614055+03:30
https://tll-next.vercel.app/eb-1-visas-requirements-eligibility-and-application/#contact,InternalLink,200,https://tll-next.vercel.app/eb-1-visas-requirements-eligibility-and-application/,2025-11-30T20:09:12.739839+03:30
https://tll-next.vercel.app/asylum-seekers-legal-rights-and-challenges-faced-in-the-u-s/#about-us,InternalLink,200,https://tll-next.vercel.app/asylum-seekers-legal-rights-and-challenges-faced-in-the-u-s/,2025-11-30T20:09:14.688196+03:30
https://www.uscis.gov/n-600,ExternalLink,200,https://tll-next.vercel.app/become-u-s-citizen-explained-citizenship-lawyer/,2025-11-30T20:09:16.556841+03:30
https://www.uscis.gov/i-942,ExternalLink,200,https://tll-next.vercel.app/become-u-s-citizen-explained-citizenship-lawyer/,2025-11-30T20:09:17.334783+03:30
https://tll-next.vercel.app/citizenship-naturalization/naturalization-filing-form-n-400,InternalLink,200,https://tll-next.vercel.app/become-u-s-citizen-explained-citizenship-lawyer/,2025-11-30T20:09:17.757716+03:30
https://tll-next.vercel.app/us-nonimmigrant-visas/student-visas/f-1-student-visa,InternalLink,200,https://tll-next.vercel.app/us-nonimmigrant-visas,2025-11-30T20:09:18.576017+03:30
https://tll-next.vercel.app/b-1-visa-permitted-activities-understanding-the-restrictions/,InternalLink,200,https://tll-next.vercel.app/us-nonimmigrant-visas,2025-11-30T20:09:19.750613+03:30
https://travel.state.gov/content/travel/en/us-visas/tourism-visit/visa-waiver-program.html,ExternalLink,200,https://tll-next.vercel.app/us-nonimmigrant-visas,2025-11-30T20:09:21.649556+03:30
https://esta.cbp.dhs.gov/,ExternalLink,200,https://tll-next.vercel.app/us-nonimmigrant-visas,2025-11-30T20:09:22.77522+03:30
https://tll-next.vercel.app/us-nonimmigrant-visas#about-us,InternalLink,200,https://tll-next.vercel.app/us-nonimmigrant-visas,2025-11-30T20:09:23.696694+03:30
http://+1-714-877-5840,ExternalLink,0,https://tll-next.vercel.app/us-immigrant-visas/employment-based-immigration/eb-2/apply-for-the-b2-visa-by-yourself,2025-11-30T20:09:24.632291+03:30
https://ceac.state.gov/GenNIV/Default.aspx,ExternalLink,200,https://tll-next.vercel.app/us-immigrant-visas/employment-based-immigration/eb-2/apply-for-the-b2-visa-by-yourself,2025-11-30T20:09:29.52365+03:30
https://travel.state.gov/content/travel/en/us-visas/tourism-visit/visitor.html,ExternalLink,200,https://tll-next.vercel.app/us-immigrant-visas/employment-based-immigration/eb-2/apply-for-the-b2-visa-by-yourself,2025-11-30T20:09:30.297233+03:30
https://www.uscis.gov/i-539,ExternalLink,200,https://tll-next.vercel.app/us-immigrant-visas/employment-based-immigration/eb-2/apply-for-the-b2-visa-by-yourself,2025-11-30T20:09:31.132293+03:30
https://tll-next.vercel.app/us-immigrant-visas/employment-based-immigration/eb-1/eb-1-visas-requirements#contact,InternalLink,200,https://tll-next.vercel.app/us-immigrant-visas/employment-based-immigration/eb-1/eb-1-visas-requirements,2025-11-30T20:09:31.340307+03:30
https://www.uscis.gov/working-in-the-united-states/temporary-visitors-for-business/b-1-temporary-business-visitor,ExternalLink,200,https://tll-next.vercel.app/us-immigrant-visas/employment-based-immigration/eb-1/b-1-visa-permitted-activities,2025-11-30T20:09:32.930004+03:30
https://tll-next.vercel.app/us-immigrant-visas/employment-based-immigration/eb-1/b-1-visa-permitted-activities#contact,InternalLink,200,https://tll-next.vercel.app/us-immigrant-visas/employment-based-immigration/eb-1/b-1-visa-permitted-activities,2025-11-30T20:09:33.142475+03:30
https://tll-next.vercel.app/us-immigrant-visas/employment-based-immigration/eb-1/b-1-visa-permitted-activities#about-us,InternalLink,200,https://tll-next.vercel.app/us-immigrant-visas/employment-based-immigration/eb-1/b-1-visa-permitted-activities,2025-11-30T20:09:34.149787+03:30
https://tll-next.vercel.app/us-immigrant-visas/diversity-visa-lottery,InternalLink,404,https://tll-next.vercel.app/us-immigrant-visas/diversity-visa-lottery/visa-application,2025-11-30T20:09:35.37061+03:30
https://tll-next.vercel.app/us-immigrant-visas/diversity-visa-lottery/visa-application#about-us,InternalLink,200,https://tll-next.vercel.app/us-immigrant-visas/diversity-visa-lottery/visa-application,2025-11-30T20:09:35.958159+03:30
https://dvprogram.state.gov/,ExternalLink,200,https://tll-next.vercel.app/us-immigrant-visas/diversity-visa-lottery/visa-application,2025-11-30T20:09:38.23698+03:30
https://tll-next.vercel.app/green-card-through-marriage/#about-us,InternalLink,200,https://tll-next.vercel.app/green-card-through-marriage/,2025-11-30T20:09:38.827867+03:30
https://tll-next.vercel.app/b-1-visa-permitted-activities-understanding-the-restrictions/#contact,InternalLink,200,https://tll-next.vercel.app/b-1-visa-permitted-activities-understanding-the-restrictions/,2025-11-30T20:09:40.643996+03:30
https://tll-next.vercel.app/b-1-visa-permitted-activities-understanding-the-restrictions/#about-us,InternalLink,200,https://tll-next.vercel.app/b-1-visa-permitted-activities-understanding-the-restrictions/,2025-11-30T20:09:42.532031+03:30
